title,content,media,keyword,date
原監督と「グータッチ」　高橋・大野・槇原・村田さんら往年の巨人名選手が指導　沖縄で野球教室,"
　プロ野球巨人の原辰徳監督（61）や前監督の高橋由伸さん（44）らを講師に招いた野球教室「ファンケル　キッズベースボール　2019」（報知新聞社主催）が7日、沖縄県那覇市の沖縄セルラーパーク那覇で開かれた。

　市内を中心に29チーム496人の小学生が参加。ボールの握りやグラブさばき、走塁などの指導を受けた。

　打撃指導では、高橋さんや県出身の大野倫さん（46）が模範スイングを披露。大飛球の連発に子どもたちは「オォー」と歓声を上げた。原監督も子どもと「グータッチ」で応えていた。

　槙原寛己さん（56）から投球フォームをアドバイスされた上間小6年のウォーターズ真佳さん（11）は「球の伸びがよくなった」とうれしそう。村田真一さん（56）から捕手の心構えを教わった金城小5年の上原琉空さん（10）は「進塁させない姿勢など勉強になった。将来はソフトバンクでプレーしたい」とほほ笑んだ。

　また、首里城再建に向けた支援金として、ファンケルの池森賢二会長から城間幹子市長に300万円が贈られた。",沖縄タイムス,ソフトバンク,2019年 12月 7日
ウィーワークの共同創業者アダム・ニューマン描く映画が始動,"
　2020年2月日本公開予定の映画『スキャンダル』を執筆したチャールズ・ランドルフが、コミュニティー型ワークスペースを提供・運営する企業、ウィーワーク（WeWork）の共同創業者アダム・ニューマン氏を描いた映画で、脚本を務めることが決定した。Wrapほか複数メディアが報じている。【動画】映画『スキャンダル』海外版予告編（英語）　本作は、ユニバーサル・ピクチャーズとブラムハウス・プロダクションズが共同で製作する予定の作品で、ジャーナリスト、カトリーナ・ブルッカーのこれから出版される著書を、ランドルフが脚色。ストーリーは、共同創業者としてウィーワークを起業したニューマン氏とソフトバンクグループの代表取締役会長兼社長の孫正義氏との関係を中心に描かれる。ソフトバンクは、ウィーワークの親会社ウィーカンパニーに対して、グループ全体で巨額の投資をしていたが、共同創業者でCEOでもあったニューマン氏が9月に辞任した。",シネマトゥデイ,ソフトバンク,2019年 12月 7日
日本のAI技術が世界を追い越すには？　孫正義社長と東大総長が対談,"
【なぐもんGO・40】日本のAI（人工知能）技術が遅れているといわれて久しい。この遅れを取り戻し先行する国を追い越すため、ソフトバンクと東京大学は世界最高峰の人と知が集まる場所を目指す「Beyond AI 研究所」の設立に向け協定を結んだ。ソフトバンクグループの孫正義代表取締役会長 兼 社長は、「遅れていると気がついたそこが始まり」と前向きな姿勢で、世界に打って出る算段を立てる。どのように実現するのだろうか。



　日本のAI技術が遅れているといわれる理由は、AI関連企業や人材が少ないなどさまざま。ソフトバンクと東大の協定を発表する会見では、AI特許の件数で表現してきた。例えば、中国の4170件、米国の2844件に対して、日本のそれは447件にとどまる。最多の中国をさらに細かく見ると、北京大学が持つ特許数は通信大手企業の約3倍だ。
 

 

　こうした状況を日本でも再現するため、ソフトバンクは大学と組むことを決定。なかでも「トップの頭脳が集まる」ことから東大との協定に至った。孫社長は「物を作らなければ立派な企業ではないという思い込みが、日本の企業に長年あったため、ソフトウェアの開発が遅れてしまった。ここから追いつき、追い越していく」と意気込みを語る。

　強気な発言の背景には、Beyond AI 研究所が持つ、他の産学連携とは一線を画している仕組みがある。同研究所は、大学と企業とのジョイントベンチャーを設立することで、研究成果の事業化を迅速に進めていく計画だ。事業で得た収益やデータは、研究所の資産になるほか、スポンサーへの還元にもあてられる。こうした循環を通して、次世代のAI研究や人材育成を進めていくことが研究所の役割なのだ。
 

　東京大学の五神真総長は、「日本の情報産業は発展の余地がある。ただ、企業や人材は限られているので、学生の学ぶ機会を増やし、会社を興すチャンスをどんどん増やしていきたい。今回がそのきっかけになるだろう」と期待する。
 

　孫社長は、「日本ではAIを学習する場が少なく、単なる基礎研究ばかりだった」と現状の問題点を指摘する。基礎研究だけでは、すぐに金銭には結びつかず、仕事にはならない。そして、仕事にならないと基礎研究の学習ばかりを繰り返すことになり、発展する機会は失われてしまう。この課題を解決するため、Beyond AI 研究所に10年間で200億円を投資するという。成果が現われるのは先のことになるが、世界のITの巨人に数えられる企業が台頭するのか、注目していきたい。（BCN・南雲 亮平）",BCN,ソフトバンク,2019年 12月 7日
【今週のキャッシュレスニュースまとめ】年末年始はスマホ決済がお得！　PayPay・LINE Pay・au PAYなどのキャンペーンをチェック,"
　クリスマスや年末年始など、なにかと買い物が多くなる12月。少しでも節約するなら、スマートフォン（スマホ）決済サービス各社が実施しているキャンペーンをうまく利用したいところだ。12月1日～12月7日で話題になったキャッシュレスニュースを振り返る。



●PayPayは年末もキャンペーン盛りだくさん
　登録ユーザー数が2000万人を突破するなど代表的サービスとして地位を築いているPayPayは、12月1日から「まちかどペイペイ」の第2弾をスタート。対象となる店舗は、キャッシュレス・消費者還元事業の対象で5％還元が適用されている店舗。決済すると20回に1回の確率で最大1000円相当のPayPayボーナスが当たる。付与上限は5000円相当/月。
 

　キャッシュレス・消費者還元事業の対象ではない家電量販店でも注目のキャンペーンがある。12月16日～22日に実施する「家電量販7Days」は、家電量販店でPayPay決済すると、1回当たり1000円、キャンペーン期間中合計5000円を上限に、決済額の10％相当のPayPayボーナスを付与する。対象はエディオングループ各社、ケーズデンキ、上新電機グループ各社、ビックカメラグループ各社、ヤマダ電機グループ各社。

　注意したいのは、ソフトバンク/ワイモバイルユーザー（所定の端末認証を行い、PayPayアカウントと連携したユーザー）限定ということ。法人契約や一部の端末、料金プランのユーザーは対象外となるので、自分の契約情報をよく確認してから利用してほしい。

　一方、12月17日から23日に100円ショップのダイソー限定で実施する「だんぜん！ダイソー」は、全てのPayPayユーザーが対象となる。全国のダイソー各店で1回、税込700円以上をPayPayで決済すると、100円相当のPayPayボーナスを付与する。通常は1回のみだが、ソフトバンク/ワイモバイルユーザー、Yahoo!プレミアム会員は、期間中2回まで適用可能で、合計最大200円相当のPayPayボーナスがもらえる。
●年明けのPayPayキャンペーンも続々発表
　年明けのキャンペーンも続々と発表されている。まず、月替わりキャンペーン「いつもどこかでワクワクペイペイ」として「ローソンおトクWeekキャンペーン」を開催。1月21日から27日まで、全国の「ローソン」「ナチュラルローソン」「ローソンストア100」で決済すると、最大10％相当のPayPayボーナスを付与する。
 

　PayPay残高かYahoo! JAPANカードによる支払い限定で、最大10％還元の対象になるのは、Yahoo!プレミアム会員とソフトバンク・ワイモバイルのスマホユーザーのみ。付与上限は1回当たり200円相当で、期間中は1000円相当としている。それ以外のユーザーは5％還元で、付与上限は1回当たり100円相当、期間中は1000円相当としている。

　12月6日には草津温泉街を対象とした「湯けむりPayPayキャンペーン」を発表。草津町に住所があるPayPay加盟店でPayPay決済すると、10％をポイント還元する。
 

　キャッシュレス・消費者還元事業対象店舗であれば、そちらの還元も加算され、最大15％のポイント付与を受けることができる。対象となるのは、PayPay残高かYahoo! JAPANカードによる支払い。1回当たりの上限は1000円相当、期間中合計で5000円相当。期間は1月14日～2月16日。
●LINE Payは「年末感謝クーポン祭」を開催
　使いやすいクーポンという形でキャンペーンを展開しているのがLINE Pay。19年12月1日10時～31日23時59分に、1人1回のみ好きなクーポンをダウンロードして対象店舗で利用できる「お好きなお店で、お好きな商品を『年末感謝クーポン祭』」を開催中だ。
 

　コンビニ、飲食店、スーパー、ドラッグストアなどで使える「LINE Payクーポン」を発行し、利用数が合計400万個に達したら終了する。「200円以下無料クーポン」「300円以下無料クーポン」などの場合、お釣りは出ないが、LINE Pay残高の金額にかかわらず、表示された金額以下の商品なら好きなものを選べる。
 

●1月の要注目キャンペーンは「au PAY×ファミマ」
　20年に突入直後で特に注目しておきたいのが、au PAY×ファミリーマートのキャンペーンだ。ファミマのau PAY対応を記念したもので、1月7日～20日の期間にau PAYで決済すると最大20％をポイント還元する。
 

　キャンペーン期間中に、au PAYサイト内のキャンペーンページからau IDログインを行いエントリーして、ファミリーマートで「au PAY」で決済すると還元を受けることができる。

　最大20％還元が受けられるのは、月額499円のauスマートパスプレミアム会員のみ。そのほかのユーザーは、最大10％相当のau WALLETポイントが還元される。付与上限は3000円相当。

　さまざまな団体が発表している今年の流行語にも「キャッシュレス」は軒並みランクインした。ブームに火が付いたのは昨年末だったので、1年間継続して話題になったということになる。キャッシュレス・消費者還元事業は来年6月までだが、そのあとにはマイナンバーカードを活用した制度も検討されており、キャンペーンをはじめとしたお得なチャンスにまだまだ期待がもてそうだ。（BCN・大蔵 大輔）",BCN,ソフトバンク,2019年 12月 7日
東大とソフトバンク、ＡＩ研究機関設立へ協定締結,"
　東京大と携帯電話大手ソフトバンクは６日、ＡＩ（人工知能）の研究機関を共同で設立するための協定を締結したと発表した。来年春にも基礎研究を行う拠点を設け、冬には応用研究拠点もつくる予定だ。研究機関の名称は「ビヨンドＡＩ研究所」。ソフトバンクとグループ会社が、１０年間で２００億円規模の研究費などを支援する。海外の大学からも研究者を招き、１５０人規模の体制を整える。",読売新聞オンライン,ソフトバンク,2019年 12月 7日
クラウドゲーミングはOSの垣根…いや、ある意味PCとスマホの垣根を超えた！ 「GeForce NOW Powered by SoftBank」,"
ソフトバンクとNVIDIAは、クラウドゲーミングサービス「GeForce NOW Powered by SoftBank」の第1次クローズドベータテストを、12月17日に開始します。

同サービスの特徴を、大きく2つに分けると、ひとつは「デバイスや場所に縛られずPCゲームがプレイ可能」という点。PCゲームを快適に遊ぶには、“ゲーミングPC”に代表されるようなハイスペック機が必要なイメージがありますが、同サービスはクラウド上にあるGPUサーバーで処理をすることで、高負荷のゲームでも、並のスペックのノートPC、さらにはスマートフォンやタブレットで楽しむことができます。ゲームデータもクラウド上に自動保存されます。",GetNavi web,ソフトバンク,2019年 12月 7日
女優・南沙良、ソフトバンク新TVCM『青春放題』に大抜擢！「とても驚き、同時にとても光栄に思いました」,"
■南沙良は、“午後の紅茶”TVCMでのJUJU「やさしさで溢れるように」の熱唱でも話題沸騰！
女優でモデルの南 沙良（みなみ・さら）が、ソフトバンクの新TVCMの追加キャストに抜擢された。【動画】ソフトバンク新TVCM『青春放題』篇／メイキング＆インタビュー岡田准一、賀来賢人らが出演するTVCM『青春放題』篇は、12月6日からオンエアがスタート。なお、CMにはラグビー日本代表のリーチマイケル、なにわ男子（関西ジャニーズJr.）の道枝駿佑も出演。その豪華な顔ぶれに注目が集まっている。

新TVCM『青春放題』篇は、ソフトバンクの新学割キャンペーン『SoftBank学割』の魅力を伝える学園ストーリー。岡田准一が歴史教師役・オカダ、賀来賢人が体育教師役・カクを演じ、青春を謳歌する生徒たちを見守る。南とともに追加キャストとして発表されたリーチマイケルは校長役、道枝駿佑は生徒役をそれぞれ務めている。

南は、CM映像の冒頭から登場。ラブレターを持った大勢の男子生徒が、校庭で、南演じる学園のマドンナの女子生徒を囲んで告白合戦を繰り広げる『告白放題』のシーンから始まる。あまりの数の多さに、南は困り顔。そんな光景をオカダ（岡田）とカク（賀来）が校舎からほほ笑ましく見守る。また『泣き放題』のシーンでは、試合に勝ったラグビー部員が感極まって校長（リーチ）に駆け寄り、ラグビー部のマネージャー（南）と勝利の喜びを分かち合う。

その他、トイレの鏡で懸命にヘアセットしてカッコつける生徒たちと一緒に、自分もバッチリ髪をセットし始めるカクの『カッコつけ放題』や、授業中に生徒（道枝）があの手この手を使って早弁に精を出し、歴史を教えるオカダに注意される『食べ放題』、生徒たちがスクールバスで歌いまくる『歌い放題』、生徒たちがプールに飛び込む『はしゃぎ放題』ほか、総勢約300人の生徒たちと思いっきり校庭を走るシーンなど、見どころ満載！　映像の最後には、リーチマイケルが「ONE TEAM（ワンチーム）」と叫ぶ、学園ドラマさながらの青春が詰まったCMだ。

音楽は、CMソングとして初起用となるTHE HIGH-LOWSの楽曲「青春」。好きな女の子への告白や部活の試合、早弁など、めいっぱい青春を謳歌する学生と、それを見守る教師を描いた、明るく爽やかな『青春放題』篇に注目だ。

南は、2002年生まれの17歳。昨年初主演を務めた映画『志乃ちゃんは自分の名前が言えない』で、報知映画賞、ブルーリボン賞など、4つの映画賞で新人賞を受賞し、注目を集める。来年3月4日放送の、フィルムカメラを題材にしたドラマ『ピンぼけの家族』（NHK）ではヒロインを、3月20日全国公開の映画『もみの家』では主演を務める。

南 沙良 コメント
今回、ソフトバンクさんの新テレビCMに出演させていただけると聞いたときは、とても驚きましたし、同時にとても光栄に思いました。私は今17歳ですが、友達との何気ない会話や共有した時間も、振り返ったとき“青春”として輝いて懐かしむことができるように、今もたくさんの思い出を作っています。好きなことを思い切り楽しみたくなる、そんな映像になっていると思いますので、ぜひご覧ください！

ソフトバンク YouTubeチャンネル
https://www.youtube.com/channel/UCcMKfz1n6L6erIlyyowlOOA

ソフトバンク OFFICIAL WEBSITE
https://www.softbank.jp/",エムオンプレス,ソフトバンク,2019年 12月 7日
ソフトバンク「Pixel 3a」が4カ月ぶりに総合トップ10入り　ドコモ「Galaxy A20」も上昇,"
　総合ランキングは1位から7位までが3週続けて同じ並びとなった。1位ソフトバンク「iPhone 11（64GB）」、2位もソフトバンク「iPhone 11（128GB）」の7週連続トップツーに続いて、NTTドコモ「AQUOS sense3 SH-02M」も3週連続の3位。前回10位で総合ランキング初登場の「Galaxy A20 SC-02M」は2つ順位を上げて8位。今回は9位がタイで2機種となっているが、その1つソフトバンク「Pixel 3a」は2019年7月22日週以来、約4カ月ぶりのトップ10入りとなっている。久々のトップ10入りとなったソフトバンクの「Pixel 3a」　前回まで3週続いて同じ顔ぶれだったドコモのランキングだが、今回は1つだけ入れ替わった。AQUOS sense3は4週連続トップ、iPhone 11（64GB）は3週連続2位、3位には順位を1つ上げたGalaxy A20が入った。Galaxy A20は4週前の6位の初登場から徐々に順位を上げてきている。前回10位の「Xperia Ace SO-02L」はトップ10外に後退し、替わって4週ぶりに「arrows Be3 F-02L」（前回11位）が上がってきた。

　auランキングは1位iPhone 11（64GB）、2位iPhone 11（128GB）、3位iPhone 8（64GB）、4位iPhone 11 Pro（256GB）で、4位までは3週続いて動いていない。Android勢では5位に「BASIO3 KYV43」（前回6位）が上がってきた。前回10位の「iPhone XR（64GB）」はトップ10外に後退し、これでiPhone XRは全てのランキングトップ10から消えた。替わって10位には「Galaxy A30 SCV43」（前回12位）が5週ぶりのトップ10入り。

　ソフトバンクのランキングは、1位iPhone 11（64GB）が7連勝、以下2位iPhone 11（128GB）、3位iPhone 11 Pro（256GB）までトップ3も7週連続で変化なし。続いてPixel 3aが3週連続の4位。5位には前回から2つ順位を上げた「arrows U」が入った。前回10位で2度目のトップ10入りを果たした「LG K50」はトップ10外に下がり、替わって「キッズフォン」（前回11位）が9位に上がってきている。

※この記事は、マーケティング会社GfK Japan調べによる全国の家電量販店のPOSデータを集計し、モデル別のランキングで紹介しています。※販売ランキングデータの無断転載を禁止します。",ITmedia Mobile,ソフトバンク,2019年 12月 7日
ワッフルが美味！ロボットが働く「Pepper PARLOR」が東急プラザ渋谷に登場,"
12月5日(木)に開業した新生「東急プラザ渋谷」内に、人とロボットが共に働く、ワッフルが美味しいオシャレなプレミアムパーラー「Pepper PARLOR(ペッパーパーラー)」がオープン！【写真を見る】お馴染みの人型ロボット・ペッパー君をはじめとしたロボットが働く！ソフトバンクロボティクスが運営する初の飲食店「Pepper PARLOR」では、さまざまなロボットが人と共に働き、来店者をおもてなし。お馴染みの人型ロボット・ペッパー君をはじめ、ダンスを披露するロボットやAI清掃ロボットを身近に見て、ロボットの進化やロボットと暮らす未来を感じることができる。

注目は、海外旅行のときに感じるような非日常感やワクワク感を楽しめる、“世界の国々をイメージ”したオリジナルのワッフル。アメリカ・ニューヨークの三ツ星レストラン「Jean-Georges」本店で日本人初のスー・シェフに抜てきされた米澤文雄氏が考案した、世界各国の料理とワッフルを組み合わせたメニューを食すことができるのだ。

生地は「クラシックワッフル」「チェダーチーズワッフル」「全粒粉のヘルシーワッフル」「米粉のワッフル」「ひよこ豆のヴィーガンワッフル」の中から選べ、ここでしか味わえない創造的なメニューや、ビーガンメニューをチョイスできる。

同店名物になるであろうプレミアムなひと皿は「フランス産フォアグラのシルキームース自家製グラノーラ添え」(1820円)。自家製グラノーラを加えた滑らかでリッチなフォアグラムースの味わいが舌の上に広がる。米澤氏は「フォアグラはくどくなり過ぎないように、食べやすい味に仕上げました」とコメント。

また、もっちり白玉、粒あんとラズベリーの甘味と酸味のコントラストが癖になる、新しい和スイーツ「白玉とラズベリーの粒あんバター」(1480円)も要チェックメニューだ。こちらについても「あんこが甘いのですが、ラズベリーを使うことでまとまりました」と自信を見せる米澤氏。カラフルで見た目にも美しい一品だ。

ちなみにこれらのメニューについて、米澤氏は「渋谷らしさやサイズ感、多様性や、何回も来店いただけるような仕掛けを…と考えて作りました」とメニュー開発の経緯を説明。「フランスのワッフルが美味しかったね、イタリアのはどうかな？と、いろいろ試してほしいですし、通りがかりに、あれを食べてみようかな？と入ってもらえると嬉しいです」と話していた。

店内には多くのロボットが配置されているが、“自然”を感じられるのもポイントだ。ウッドやストーン、 グリーンやメタル、土などの天然素材、カラフルなファブリック、グリーンを使った照明が、ラウンジのような居心地の良さを演出している。渋谷でのショッピングに疲れたら、ホッとひと息つくのにピッタリの場所なのではないだろうか。

（東京ウォーカー（全国版）・Raira）",ウォーカープラス,ソフトバンク,2019年 12月 7日
大手キャリアーvs格安SIM 法改正後は結局どこを選ぶべきか？,"
　１０月の法改正で携帯電話の「分離プラン」が義務化された。ドコモ、ａｕ、ソフトバンクの大手３社は最後まで抵抗を見せたが、結局、監督官庁である総務省に押し切られた。格安スマホの会社にとって追い風だが、ではどこの携帯会社がお得なのか？

　　◇　　◇　　◇

「乗りかえは、ＵＱ、だぞっ」「ワイモバ学割　親も子もおトクに！」

　格安ＳＩＭ勢が攻勢ののろしを上げている。

　転機は１０月に始まった「分離プラン」の義務化だ。通信料金と携帯代金を分けることを義務付けたもので、俗に言う大手キャリアーの“２年縛り”がアウトになった。他社への乗り換えが進むことで競争を促し、世界的に見て割高とされる料金を安くする狙いがある。これに伴い、ドコモは「ギガホ」「ギガライト」などの契約者の途中解約金を９５００円から１０００円に下げている。ちなみに、格安ＳＩＭとは大手の通信設備を借りて行う通信サービスのことで、一般的には「格安スマホ」と呼ばれている。

　では、ドコモ、ａｕ、ソフトバンクの大手３社と格安ＳＩＭでは、どれくらい月額料金が違ってくるのか？

　ＭＭＤ研究所の調査によると、大手３社のスマホユーザーの平均月額は８４５１円。これに対し格安スマホは約７割安い２７５３円。年間にして６万８０００円の差となる。記者も昨年、大手キャリアーからＹ！ｍｏｂｉｌｅに乗り換えているが月額料金は３２０８円（１０月分）になっている。

　また、機種本体の平均購入価格は大手３社が７万２６８円、格安スマホが４万２６２円となっている。大手３社は最新機種、格安スマホはどちらかというと型落ち機種を薦めることでこの差が出てくる。分離プランによって端末を一括で購入するユーザーが増えてくるので、今後はｉＰｈｏｎｅが最新機種を出すたびに買い替えるというわけにもいかなくなるだろう。",日刊ゲンダイDIGITAL,ソフトバンク,2019年 12月 7日
西武・外崎選手（弘前出身）今季振り返る／攻守にフル回転、リーグ連覇に貢献／来季目標は「30盗塁」,"
　プロ野球・埼玉西武ライオンズで攻守にわたる活躍を見せ、チームのパ・リーグ2連覇に貢献した外崎修汰選手（26）＝青森県弘前市出身、弘前実－富士大出。5年目の今季は、自身初の全試合出場、自己最多となる26本塁打、90打点と充実したシーズンとなり、青森県出身のプロ選手（高校だけ青森県の選手を除く）として歴代最高の数字を残した。いまや、西武のカオとなった外崎選手。来季は、まだ成し遂げたことのない「30盗塁」を目標に掲げ、「しっかり成績を残して、活躍する姿を青森県の人たちに見せたい」と意気込みを語った。

　6日までに、埼玉県所沢市の球団事務所で東奥日報紙取材に応じた。

　本職は内野手ながら、どこでも守れる「ユーティリティープレーヤー」の代名詞となった外崎選手。昨季までは外野が多かったが、正二塁手だった浅村栄斗選手が楽天にFA移籍したことに伴い、今季は開幕から主に二塁を守った。本格的に守るのは大学以来とあって失策も多かったが「（源田壮亮選手との）二遊間はしっくり来て楽しかった。できることなら来季も二塁を守りたい」と語る。

　打撃は当初、伸び悩んだ。開幕戦の相手ソフトバンク・千賀滉大投手の球が想像以上だったといい「あれで自分の構えが簡単に崩れた」。その後、ほぼ日替わりでフォームを修正し「4、5月は打席に立つことが怖かった」とも。フォームが安定してきた交流戦以降、打率は上昇、2割7分4厘の最終成績を残した。

　熾烈（しれつ）な優勝争いを演じるチーム状態に合わせるように本塁打や打点を積み重ね、最終的に自己最高を記録したが、意外にも打点などは意識していないとか。「絶対に点数が必要な場面なら意識するけど、他はあんまり。本塁打もたまたまです。はい（笑）」と至って謙虚だ。

　一方、三振数132はリーグワースト4位。こちらも気にしていないかと思いきや「三振はすごい気にしてます（笑）。見ている人は『何で三振するんだろう』と思っているかもしれないけど、やっている方は『何で当たらないんだろう』ってなる」と苦笑いを浮かべた。

　5月29日には、弘前市で行われた楽天戦に出場、故郷に錦を飾った。「知り合いもいたし、ビジターなのに、たくさん応援してくれた。不思議な感じで緊張した」と振り返りつつ「弘前市、青森県で野球を頑張っている子どもたちに見てもらえたのは良かった。また来たい」と地元への思いを寄せる。

　来季の目標を色紙に書いてもらった。「何だろう。うーん、ケガをしない－だと物足りないですかね」としばらく考え込んだ末に書いたのは「30盗塁」。今季は22盗塁で、自身の最高は昨季の25。「いけるという感じはあるけど、なぜか毎年クリアできない。例年以上にもっと意識して、アウトになるのを怖がらず、どんどん走っていきたい」。大学時代に盗塁王を獲得した自負がにじんだ。

　来季の年俸は倍増の約1億4千万円（推定）。「初めて大台超えた。これを続けないと意味がない。しっかり成績を残したい」と先を見据えた。

◇

＜とのさき・しゅうた 1992年生まれ。弘前市出身。弘前実業高から富士大へ進み、北東北大学野球リーグでは打点王、盗塁王、首位打者を獲得。2014年ドラフト3位で埼玉西武ライオンズ入団。17年のアジアプロ野球では日本代表入りしMVPに選ばれた。18年の日米野球、今年11月の国際大会「プレミア12」でも日本代表メンバーに名を連ね、プレミア12では日本の初優勝に貢献した。177センチ、78キロ。右投げ右打ち＞",Web東奥,ソフトバンク,2019年 12月 7日
1億3000万円ダウンも…年俸大幅減を受け入れたベテラン野球選手たち,"
　プロ野球は契約更改が行われており、各球団とも、多くの選手の来季の年俸が公表されている。例年、この時期の風物詩とも言える球団と選手とのやり取りでは評価に対する様々な表情がみられる。

　それぞれ、1年にわたるシーズンでの活躍が反映された上でその評価に笑顔を隠さない選手、反対にチームに貢献できずに不本意な結果に終わり、来季への雪辱を会見場で誓うプレーヤーなど、はっきりと明暗が分かれる場でもある。

　なかでも僅か数年の間に大幅な減額となり、新たなシーズンへ向かうベテラン選手の姿もみられる。示される数字は純粋に能力を表すものではないとはいえ、キャリアを積んだプレーヤーにとっては現実が突き付けられるとともに、新たな奮起が促される瞬間とも言える。",bizSPA！フレッシュ,ソフトバンク,2019年 12月 7日
松本まりか、涙の写真集が4週目でランキング上昇　再びTOP10入り,"
“あざとかわいい”と称される怪演からブレイク中の女優・松本まりかの15年ぶりの写真集『月刊松本まりか 汀』（小学館）が、好調な推移を見せている。最新の12/9付オリコン週間BOOKランキング ジャンル別「写真集」で10位にランクイン。発売4週目にして、ランキングを再上昇し、TOP10入りを果した。【写真集カット】大胆な衣装で素肌をさらけだす松本まりか　今年、ソフトバンクCMへの出演でも注目された松本だが、現在は今期連ドラ『死役所』（テレビ東京系）での美人だが口が悪いクールな役どころの怪演で、視聴者にインパクトを残している。

　本写真集の発売イベントでは、これまでの芸能活動を思い返し、感極まって涙を流す姿もニュースになり、女優としての注目度だけでなく、ひとりの女性としての人柄に好感を抱く声が多く集まっていた。

　そんな松本が11月8日に発売した本作は、3位に初登場。その後、9位、22位と順調に売上を積み上げてきていたが、今週ランキングを急上昇。再び10位にランクインした。

　松本が自身のすべてをさらけ出して挑んだ意欲作であり、新たな一面がたくさん詰まっている本作。アイドルグループの写真集がシーンを席巻しているなか、女優作品として特筆すべき健闘を見せている。この先の女優としての活躍とともに本作の動向にも注目していきたい。",オリコン,ソフトバンク,2019年 12月 7日
7日の朝刊（都内最終版）,"
【1面トップ】
〔朝日〕県庁のHDD　18個転売　神奈川　税金滞納記録など流出　9個不明のまま▽処理会社員を逮捕　窃盗容疑
〔毎日〕政府　襲撃情報を把握　中村医師も警戒　アフガン
〔読売〕予防切除　保険適用提案へ　厚労省　遺伝性乳がん患者　乳房や卵管・卵巣摘出
〔日経〕NISA投資2階建て　低リスク商品に20万円枠　24年に刷新　長期の資産形成重視
〔産経〕あおり運転厳罰化　懲役刑も　免許取り消し、法改正へ
〔東京〕ジャパンライフ「優良」　スポーツ庁認定　直後処分　16年ヒアリング　前年に桜を見る会　考慮否定
【他の1面独自記事】
◆三菱電機　新入社員自殺　自殺教唆容疑　上司を書類送検（朝日）
◆改憲「20年施行」断念　首相　任期中こだわらず（毎日）
【共通ニュース】
◆立憲、政党合流を要請　国民・社民対応検討へ　枝野氏、統一会派の成果強調　衆院選に向け危機感
◆景気指数6年ぶり低水準　10月5．6ポイント低下　判断「悪化」続く　消費も前回増税時以上の下げ幅　停滞長引く恐れ▽生産判断引き下げへ　日銀決定会合　車や生産用機械弱く
◆減産50万バレル拡大で合意　OPEC・非加盟国　価格下支え狙う
◆米雇用11月26万人増　市場予想大きく上回る　FRB、利下げ休止へ
◆「今年の車」RAV4　トヨタ10年ぶり
◆ソフトバンク、東大とAI研究所　活動資金200億円提供
◆遺族「頑張ったね」　中村さん殺害　悲しみの対面　
◆沢尻エリカ容疑者起訴　麻薬取締法違反　保釈金500万円▽「心から後悔」
【日経】
◆銀行間送金　公取委が調査　決済参入の障壁を問題視　フィンテック普及へ監視強化(1)
◆スタートアップ出資　1億円以上で減税　大企業の投資促す(1)
◆「ネット処方薬」普及遠く　特区で解禁1年強　要件煩雑　利用わずか16人(3)
◆社債13．9兆円　21年ぶり最高更新　買収・投資の原資に　成長へ負債を積極活用(3)
◆防衛費　過去最大5．3兆円　「将来戦闘機」開発100億円　来年度予算案、政府調整(4)
◆認知症新薬、異例の再挑戦　米バイオジェンとエーザイ　「投与増えると効果」　米で申請へ(7)
【日刊自動車】
◆SUV戦国時代　乱立で右肩上がりに陰り　個性なければ埋没のおそれ(1)
◆タカタ製　豪で調査　エアバッグ異常破裂　15万台を対象に　国交省(1)
◆自動運転、MaaSの研究開発　先端分野の人材育成推進　20年度予算自民大綱案　水素ST整備も(2)（了）",時事通信,ソフトバンク,2019年 12月 7日
ソフトバンク、3G終了へ　24年、利用者減少で,"
　ソフトバンクは6日、第3世代（3G）携帯電話と呼ばれる前世代の通信回線のサービスを2024年1月下旬に終了すると発表した。利用者が減少しているためで、現在主流の第4世代（4G）や、次の第5世代（5G）への投資に経営資源を振り向ける。低価格ブランド「ワイモバイル」の3Gも終了する。

　「ガラケー」と呼ばれる従来型の携帯端末のうち、4Gに対応しないものは使えなくなる。スマートフォンでも通話などの機能が4Gに未対応の機種があり、いずれも機種変更が必要になる。

　携帯大手ではKDDI（au）は22年3月末、NTTドコモが26年3月末にそれぞれ終了すると公表している。",共同通信,ソフトバンク,2019年 12月 7日
"
ソフトバンクの孫氏とアリババ創業者が対談","
　ソフトバンクグループの孫正義会長兼社長と中国のネット通販最大手アリババ集団創業者の馬雲（ジャック・マー）氏が東京都内で対談し、ＡＩ＝人工知能の発展が将来、人間の生活を劇的に変えていくと、ともに強調しました。

　「ＡＩ時代はやってくる。ＡＩが新しいエキサイティングな社会を連れてきて、人の生活がよくなると信じている」（ソフトバンクグループ 孫 正義 会長兼社長）

　ソフトバンクグループはＡＩ企業に投資するための９００億ドル規模のファンドを手がけていますが、孫氏は「２号ファンドも準備しており、今後１０年間で同じ規模の投資を続けていく」と、今後もＡＩの発展に向けて巨額投資を続けていく姿勢を示しました。

　「今度は人のように機械が働く時代になる。２、３０年後には人間は週３日、それぞれ３時間くらい働けばすむ時代になる」（アリババ集団創業者 馬雲 氏）

　一方、馬雲氏もこのように、ＡＩの発展によって、将来、人間の生活は劇的に変わると指摘しています。両氏は、２０００年に孫氏がアリババにおよそ２０億円を出資して以来、盟友関係を築いてきました。馬雲氏は、９月にアリババの会長を退いて以降、日本国内で講演するのは初めてです。（06日20:12）    ",TBS News i,ソフトバンク,2019年 12月 7日
